,WRMSSE,MAE,sMAPE
LightGBM (Prelim),0.7154,1.0214,142.47
Naive,0.9119,1.1699,132.11
Seasonal Naive,0.9284,1.1963,133.59
Random Forest (V2),0.9880365195620037,0.5138111847919103,177.83331514429634
LGBM (V2 Tuned),1.0801761608940883,0.378663997563681,187.08166801325785
