,WRMSSE,MAE,sMAPE
LightGBM (Tuned),0.713512102826686,1.0142096658519673,139.0746692523411
Hybrid Ensemble (LGBM+LSTM),0.7218269285491907,1.0277135517070737,139.60138652496894
Random Forest,0.7424659214299504,1.0725473399573953,139.31409798356594
LSTM (Deep Learning),0.7484421349316245,1.0612069368362427,141.52883291244507
Naive,0.9119,1.1699,132.11
Seasonal Naive,0.9284,1.1963,133.59
